timestamp_iso,target_host,target_port,username,password,result,latency_ms
2025-11-11T00:54:46.777315Z,127.0.0.1,2222,root,toor,other_error,2
2025-11-11T00:54:47.781536Z,127.0.0.1,2222,admin,admin,other_error,0
2025-11-11T00:54:48.782812Z,127.0.0.1,2222,guest,guest,other_error,0
2025-11-11T00:54:49.783584Z,127.0.0.1,2222,ubuntu,ubuntu,other_error,0
2025-11-11T00:54:50.784460Z,127.0.0.1,2222,test,test123,other_error,0
2025-11-11T00:54:51.789683Z,127.0.0.1,2222,oracle,oracle,other_error,0
2025-11-11T00:54:52.790499Z,127.0.0.1,2222,svcacct,P@ssw0rd!,other_error,0
2025-11-11T00:54:53.791673Z,127.0.0.1,2222,root,toor,other_error,0
2025-11-11T00:54:54.796759Z,127.0.0.1,2222,admin,admin,other_error,0
2025-11-11T00:54:55.797660Z,127.0.0.1,2222,guest,guest,other_error,0
2025-11-11T00:54:56.800484Z,127.0.0.1,2222,ubuntu,ubuntu,other_error,0
2025-11-11T00:54:57.801759Z,127.0.0.1,2222,test,test123,other_error,0
2025-11-11T00:54:58.804599Z,127.0.0.1,2222,oracle,oracle,other_error,0
2025-11-11T00:54:59.808555Z,127.0.0.1,2222,svcacct,P@ssw0rd!,other_error,0
2025-11-11T00:55:00.810915Z,127.0.0.1,2222,root,toor,other_error,0
2025-11-11T00:55:01.811614Z,127.0.0.1,2222,admin,admin,other_error,0
2025-11-11T00:55:02.813096Z,127.0.0.1,2222,guest,guest,other_error,0
2025-11-11T00:55:03.818601Z,127.0.0.1,2222,ubuntu,ubuntu,other_error,0
2025-11-11T00:55:04.823237Z,127.0.0.1,2222,test,test123,other_error,0
2025-11-11T00:55:05.827837Z,127.0.0.1,2222,oracle,oracle,other_error,0
2025-11-11T00:55:06.833211Z,127.0.0.1,2222,svcacct,P@ssw0rd!,other_error,0
2025-11-11T00:55:07.835780Z,127.0.0.1,2222,root,toor,other_error,0
2025-11-11T00:55:08.840688Z,127.0.0.1,2222,admin,admin,other_error,0
2025-11-11T00:55:09.841544Z,127.0.0.1,2222,guest,guest,other_error,0
2025-11-11T00:55:10.842801Z,127.0.0.1,2222,ubuntu,ubuntu,other_error,0
2025-11-11T00:55:11.847040Z,127.0.0.1,2222,test,test123,other_error,0
2025-11-11T00:55:12.849736Z,127.0.0.1,2222,oracle,oracle,other_error,0
2025-11-11T00:55:13.852622Z,127.0.0.1,2222,svcacct,P@ssw0rd!,other_error,0
2025-11-11T00:55:14.855383Z,127.0.0.1,2222,root,toor,other_error,0
2025-11-11T00:55:15.857955Z,127.0.0.1,2222,admin,admin,other_error,0
2025-11-11T00:55:16.861833Z,127.0.0.1,2222,guest,guest,other_error,0
2025-11-11T00:55:17.865736Z,127.0.0.1,2222,ubuntu,ubuntu,other_error,0
2025-11-11T00:55:18.869893Z,127.0.0.1,2222,test,test123,other_error,0
2025-11-11T00:55:19.873358Z,127.0.0.1,2222,oracle,oracle,other_error,0
2025-11-11T00:55:20.874558Z,127.0.0.1,2222,svcacct,P@ssw0rd!,other_error,0
2025-11-11T00:55:21.877785Z,127.0.0.1,2222,root,toor,other_error,0
2025-11-11T00:55:22.881035Z,127.0.0.1,2222,admin,admin,other_error,0
2025-11-11T00:55:23.884902Z,127.0.0.1,2222,guest,guest,other_error,0
2025-11-11T00:55:24.889886Z,127.0.0.1,2222,ubuntu,ubuntu,other_error,0
2025-11-11T00:55:25.890862Z,127.0.0.1,2222,test,test123,other_error,0
